gpi,gpiName
21    , CEPHALOSPORINS 1ST GENERATION
210001    , CEFADROXIL
21000151    , CEFAZOLIN SODIUM
210001512    , CEFAZOLIN SODIUM IN SODIUM CHLORIDE
210001513    , CEFAZOLIN SODIUM DEXTROSE
210002    , CEPHALEXIN
21    , ANTINEOPLASTICS AND ADJUNCTIVE THERAPIES
211    , ALKYLATING AGENTS
21100005    , ALTRETAMINE
211000091    , BENDAMUSTINE HCL
2110001    , BUSULFAN
21100015    , CARBOPLATIN
2110002    , CISPLATIN
21100024    , LURBINECTEDIN
21100028    , OXALIPLATIN
2110004    , THIOTEPA
21101    , NITROGEN MUSTARDS
2110101    , CHLORAMBUCIL
2110102    , CYCLOPHOSPHAMIDE
21101025    , IFOSFAMIDE
211010301    , MECHLORETHAMINE HCL
2110104    , MELPHALAN
2110104005    , MELPHALAN FLUFENAMIDE HCL
211010401    , MELPHALAN HCL
21102    , NITROSOUREAS
2110201    , CARMUSTINE
211020102    , CARMUSTINE IN POLIFEPROSAN
2110202    , LOMUSTINE
2110203    , STREPTOZOCIN
21104    , IMIDAZOTETRAZINES
2110407    , TEMOZOLOMIDE
21107    , TETRAHYDROISOQUINOLINES
21107075    , TRABECTEDIN
2117    , ANTINEOPLASTIC ANTI HER2 AGENTS
211700342    , MARGETUXIMAB CMKB
21170054    , PERTUZUMAB
2117007    , TRASTUZUMAB
2117007014    , TRASTUZUMAB ANNS
211700703    , TRASTUZUMAB DKST
2117007034    , TRASTUZUMAB DTTB
211700706    , TRASTUZUMAB PKRB
2117007065    , TRASTUZUMAB QYYP
2117008    , TUCATINIB
212    , ANTINEOPLASTIC ANTIBIOTICS
212000101    , BLEOMYCIN SULFATE
2120002    , DACTINOMYCIN
212000301    , DAUNORUBICIN HCL
212000401    , DOXORUBICIN HCL
212000404    , DOXORUBICIN HCL LIPOSOMAL
212000421    , EPIRUBICIN HCL
212000451    , IDARUBICIN HCL
2120005    , MITOMYCIN
21200055    , MITOXANTRONE HCL
2120008    , VALRUBICIN
2125    , ANTINEOPLASTIC ENZYMES
212500104    , ASPARAGINASE ERWINIA CHRYSANTHEMI
212500106    , ASPARAGINASE ERWINIA CHRYSANTHEMI RECOMBINANT RYWN
212500305    , CALASPARGASE PEGOL MKNL
2125006    , PEGASPARGASE
213    , ANTIMETABOLITES
21300003    , AZACITIDINE
21300005    , CAPECITABINE
21300007    , CLADRIBINE
21300008    , CLOFARABINE
2130001    , CYTARABINE
213000103    , CYTARABINE LIPOSOME
21300015    , DECITABINE
2130002    , FLOXURIDINE
213000251    , FLUDARABINE PHOSPHATE
2130003    , FLUOROURACIL
213000341    , GEMCITABINE HCL
2130003411    , GEMCITABINE HCL SODIUM CHLORIDE
2130004    , MERCAPTOPURINE
2130005    , METHOTREXATE
213000501    , METHOTREXATE SODIUM
21300052    , NELARABINE
213000531    , PEMETREXED DISODIUM
21300054    , PRALATREXATE
2130006    , THIOGUANINE
2133    , ANTINEOPLASTIC ANGIOGENESIS INHIBITORS
21335    , VASCULAR ENDOTHELIAL GROWTH FACTOR VEGF INHIBITORS
213350101    , ZIV AFLIBERCEPT
21335013    , AXITINIB
2133502    , BEVACIZUMAB
213350202    , BEVACIZUMAB AWWB
213350203    , BEVACIZUMAB BVZR
213350542    , LENVATINIB MESYLATE
2133507    , RAMUCIRUMAB
2135    , ANTINEOPLASTIC ANTIBODIES
213505    , ANTINEOPLASTIC ANTI BCMA ANTIBODY DRUG COMPLEX
213505152    , BELANTAMAB MAFODOTIN BLMF
213511    , ANTINEOPLASTIC ANTI CCR4 ANTIBODIES
213511352    , MOGAMULIZUMAB KPKC
213514    , ANTINEOPLASTIC ANTI CD19 ANTIBODIES
213514672    , TAFASITAMAB CXIX
213516    , ANTINEOPLASTIC ANTI CD19 ANTIBODY DRUG COMPLEX
213516405    , LONCASTUXIMAB TESIRINE LPYL
213518    , ANTINEOPLASTIC ANTI CD20 ANTIBODIES
21351843    , OBINUTUZUMAB
21351845    , OFATUMUMAB
2135186    , RITUXIMAB
213518601    , RITUXIMAB ABBS
2135186014    , RITUXIMAB ARRX
213518606    , RITUXIMAB PVVR
21352    , ANTINEOPLASTIC BISPECIFIC T CELL ENGAGERS
2135202    , BLINATUMOMAB
213522    , ANTINEOPLASTIC ANTI CD22 ANTIBODIES
213522365    , MOXETUMOMAB PASUDOTOX TDFK
213526    , ANTINEOPLASTIC ANTI CD22 ANTIBODY DRUG COMPLEX
213526402    , INOTUZUMAB OZOGAMICIN
213532    , ANTINEOPLASTIC ANTI CD30 ANTIBODY DRUG COMPLEX
213532202    , BRENTUXIMAB VEDOTIN
213536    , ANTINEOPLASTIC ANTI CD33 ANTIBODY DRUG COMPLEX
213536302    , GEMTUZUMAB OZOGAMICIN
21354    , ANTINEOPLASTIC ANTI CD38 ANTIBODIES
21354027    , DARATUMUMAB
213540332    , ISATUXIMAB IRFC
213544    , ANTINEOPLASTIC ANTI CD52 ANTIBODIES
2135441    , ALEMTUZUMAB
213548    , ANTINEOPLASTIC ANTI CD79B ANTIBODY DRUG COMPLEX
213548603    , POLATUZUMAB VEDOTIN PIIQ
21355    , ANTINEOPLASTIC ANTIBODY DRUG COMPLEXES
213550703    , ADO TRASTUZUMAB EMTANSINE
2135507055    , FAM TRASTUZUMAB DERUXTECAN NXKI
213552    , ANTINEOPLASTIC ANTI CTLA 4 ANTIBODIES
21355232    , IPILIMUMAB
21356    , ANTINEOPLASTIC ANTI GD2 ANTIBODIES
21356028    , DINUTUXIMAB
213560503    , NAXITAMAB GQGK
21357    , ANTINEOPLASTIC ANTI NECTIN 4 ANTIBODY DRUG COMPLEX
213570262    , ENFORTUMAB VEDOTIN EJFV
213579    , ANTINEOPLASTIC ANTI PD 1 ANTIBODIES
213579234    , CEMIPLIMAB RWLC
213579283    , DOSTARLIMAB GXLY
21357941    , NIVOLUMAB
21357953    , PEMBROLIZUMAB
21358    , ANTINEOPLASTIC ANTIBODY FOR RADIOPHARMACEUTICAL THERAPY
213580354    , IBRITUMOMAB TIUXETAN FOR YTTRIUM 90 Y 90 
213582    , ANTINEOPLASTIC ANTI PD L1 ANTIBODIES
21358215    , ATEZOLIZUMAB
2135822    , AVELUMAB
21358229    , DURVALUMAB
21359    , ANTINEOPLASTIC ANTI SLAMF7 ANTIBODIES
2135903    , ELOTUZUMAB
213597    , ANTINEOPLASTIC MULTIPLE RECEPTOR ANTIBODIES
213597108    , AMIVANTAMAB VMJW
2136    , ANTINEOPLASTIC EGFR INHIBITORS
213600061    , AFATINIB DIMALEATE
21360015    , CETUXIMAB
21360019    , DACOMITINIB
213600251    , ERLOTINIB HCL
2136003    , GEFITINIB
21360054    , NECITUMUMAB
213600682    , OSIMERTINIB MESYLATE
2136007    , PANITUMUMAB
2137    , ANTINEOPLASTIC HEDGEHOG PATHWAY INHIBITORS
213700303    , GLASDEGIB MALEATE
213700602    , SONIDEGIB PHOSPHATE
2137007    , VISMODEGIB
214    , ANTINEOPLASTIC HORMONAL AND RELATED AGENTS
214022    , ANTIADRENALS
2140225    , MITOTANE
214024    , ANTIANDROGENS
2140241    , APALUTAMIDE
2140242    , BICALUTAMIDE
21402425    , DAROLUTAMIDE
2140243    , ENZALUTAMIDE
2140244    , FLUTAMIDE
2140246    , NILUTAMIDE
214026    , ANTIESTROGENS
214026801    , TAMOXIFEN CITRATE
214026851    , TOREMIFENE CITRATE
214028    , AROMATASE INHIBITORS
2140281    , ANASTROZOLE
21402835    , EXEMESTANE
2140286    , LETROZOLE
21403    , ESTROGENS ANTINEOPLASTIC
214030201    , ESTRAMUSTINE PHOSPHATE SODIUM
214035    , ESTROGEN RECEPTOR ANTAGONIST
2140353    , FULVESTRANT
21404    , PROGESTINS ANTINEOPLASTIC
214040072    , HYDROXYPROGESTERONE CAPROATE ANTINEOPLASTIC 
214040101    , MEDROXYPROGESTERONE ACETATE ANTINEOPLASTIC 
214040201    , MEGESTROL ACETATE
21405    , LHRH ANALOGS
214050051    , GOSERELIN ACETATE
214050071    , HISTRELIN ACETATE
214050101    , LEUPROLIDE ACETATE
2140501015    , LEUPROLIDE ACETATE 3 MONTH 
214050102    , LEUPROLIDE ACETATE 4 MONTH 
2140501025    , LEUPROLIDE ACETATE 6 MONTH 
214050502    , TRIPTORELIN PAMOATE
214055    , GONADOTROPIN RELEASING HORMONE GNRH ANTAGONISTS
214055251    , DEGARELIX ACETATE
2140557    , RELUGOLIX
21406    , ANDROGEN BIOSYNTHESIS INHIBITORS
214060102    , ABIRATERONE ACETATE
214099    , ANTINEOPLASTIC HORMONAL AND RELATED AGENT COMBINATIONS
214099026    , LEUPROLIDE ACETATE BUPIVACAINE HCL
2145    , ANTINEOPLASTIC IMMUNOMODULATORS
214500601    , LEVAMISOLE HCL
2145008    , POMALIDOMIDE
2147    , ANTINEOPLASTIC BCL 2 INHIBITORS
2147008    , VENETOCLAX
2149    , ANTINEOPLASTIC PDGFR ALPHA INHIBITORS
21490009    , AVAPRITINIB
21490047    , OLARATUMAB
215    , MITOTIC INHIBITORS
21500003    , CABAZITAXEL
21500005    , DOCETAXEL
215000092    , ERIBULIN MESYLATE
2150001    , ETOPOSIDE
215000106    , ETOPOSIDE PHOSPHATE
21500011    , IXABEPILONE
21500012    , PACLITAXEL
215000122    , PACLITAXEL PROTEIN BOUND PARTICLES
21500015    , TENIPOSIDE
215000201    , VINCRISTINE SULFATE
215000202    , VINCRISTINE SULFATE LIPOSOME
215000301    , VINBLASTINE SULFATE
215000508    , VINORELBINE TARTRATE
2153    , ANTINEOPLASTIC ENZYME INHIBITORS
215305    , ANTINEOPLASTIC ALK INHIBITORS
215305071    , ALECTINIB HCL
2153051    , BRIGATINIB
21530514    , CERITINIB
21530517    , CRIZOTINIB
21530556    , LORLATINIB
21531    , CYCLIN DEPENDENT KINASES CDK INHIBITORS
2153101    , ABEMACICLIB
2153106    , PALBOCICLIB
215310705    , RIBOCICLIB SUCCINATE
215315    , ANTINEOPLASTIC HISTONE DEACETYLASE INHIBITORS
2153152    , BELINOSTAT
215315501    , PANOBINOSTAT LACTATE
2153156    , ROMIDEPSIN
21531575    , VORINOSTAT
215318    , ANTINEOPLASTIC BCR ABL KINASE INHIBITORS
21531812    , BOSUTINIB
2153182    , DASATINIB
215318351    , IMATINIB MESYLATE
215318602    , NILOTINIB HCL
215318751    , PONATINIB HCL
21532    , ANTINEOPLASTIC BRAF KINASE INHIBITORS
215320251    , DABRAFENIB MESYLATE
2153204    , ENCORAFENIB
2153208    , VEMURAFENIB
215321    , ANTINEOPLASTIC BTK INHIBITORS
21532103    , ACALABRUTINIB
21532133    , IBRUTINIB
21532195    , ZANUBRUTINIB
215322    , ANTINEOPLASTIC FGFR KINASE INHIBITORS
21532225    , ERDAFITINIB
215322354    , INFIGRATINIB PHOSPHATE
2153226    , PEMIGATINIB
215324    , ANTINEOPLASTIC KRAS INHIBITORS
2153248    , SOTORASIB
215325    , ANTINEOPLASTIC MTOR KINASE INHIBITORS
2153253    , EVEROLIMUS
2153257    , TEMSIROLIMUS
21533    , ANTINEOPLASTIC MULTIKINASE INHIBITORS
215330101    , CABOZANTINIB S MALATE
215330202    , GILTERITINIB FUMARATE
215330261    , LAPATINIB DITOSYLATE
2153303    , MIDOSTAURIN
215330351    , NERATINIB MALEATE
215330421    , PAZOPANIB HCL
2153304501    , PEXIDARTINIB HCL
2153305    , REGORAFENIB
21533053    , RIPRETINIB
215330604    , SORAFENIB TOSYLATE
215330703    , SUNITINIB MALATE
215330731    , TEPOTINIB HCL
2153307625    , TIVOZANIB HCL
215330804    , UMBRALISIB TOSYLATE
21533085    , VANDETANIB
215335    , ANTINEOPLASTIC MEK INHIBITORS
2153352    , BINIMETINIB
215335302    , COBIMETINIB FUMARATE
215335655    , SELUMETINIB SULFATE
215335701    , TRAMETINIB DIMETHYL SULFOXIDE
215336    , ANTINEOPLASTIC METHYLTRANSFERASE INHIBITORS
215336752    , TAZEMETOSTAT HBR
215337    , ANTINEOPLASTIC MET INHIBITORS
215337162    , CAPMATINIB HCL
215338    , ANTINEOPLASTIC TROPOMYOSIN RECEPTOR KINASE INHIBITORS
2153382    , ENTRECTINIB
215338352    , LAROTRECTINIB SULFATE
215349    , ISOCITRATE DEHYDROGENASE 1 IDH1 INHIBITORS
2153494    , IVOSIDENIB
21535    , ISOCITRATE DEHYDROGENASE 2 IDH2 INHIBITORS
215350302    , ENASIDENIB MESYLATE
215355    , POLY ADP RIBOSE POLYMERASE PARP INHIBITORS
215355502    , NIRAPARIB TOSYLATE
2153556    , OLAPARIB
215355702    , RUCAPARIB CAMSYLATE
215355804    , TALAZOPARIB TOSYLATE
215357    , ANTINEOPLASTIC RET INHIBITORS
2153575    , PRALSETINIB
21535779    , SELPERCATINIB
21536    , ANTINEOPLASTIC PROTEASOME INHIBITORS
21536015    , BORTEZOMIB
21536025    , CARFILZOMIB
215360451    , IXAZOMIB CITRATE
215375    , JANUS ASSOCIATED KINASE JAK INHIBITORS
215375202    , FEDRATINIB HCL
215375602    , RUXOLITINIB PHOSPHATE
21538    , PHOSPHATIDYLINOSITOL 3 KINASE PI3K INHIBITORS
2153801    , ALPELISIB
215380201    , COPANLISIB HCL
2153803    , DUVELISIB
2153804    , IDELALISIB
2155    , TOPOISOMERASE I INHIBITORS
215500401    , IRINOTECAN HCL
215500402    , IRINOTECAN HCL LIPOSOME
215500801    , TOPOTECAN HCL
21551    , TOPOISOMERASE I INHIBITORS ANTIBODY DRUG COMPLEX
215510654    , SACITUZUMAB GOVITECAN HZIY
2156    , ANTINEOPLASTIC XPO1 INHIBITORS
2156006    , SELINEXOR
2157    , ONCOLYTIC VIRAL AGENTS
21574    , ONCOLYTIC VIRAL AGENTS HSV1
215740704    , TALIMOGENE LAHERPAREPVEC
216    , ANTINEOPLASTIC RADIOPHARMACEUTICALS
216000352    , IOBENGUANE I 131
216000452    , LUTETIUM LU 177 DOTATATE
21600055    , RADIUM RA 223 DICHLORIDE
21600065    , SAMARIUM SM 153 LEXIDRONAM
2160007    , STRONTIUM 89 CHLORIDE
2165    , ANTINEOPLASTIC CELLULAR IMMUNOTHERAPY
21651    , ANTINEOPLASTIC AUTOLOGOUS CELLULAR IMMUNOTHERAPY
216510101    , AXICABTAGENE CILOLEUCEL
216510201    , BREXUCABTAGENE AUTOLEUCEL
216510354    , IDECABTAGENE VICLEUCEL
216510504    , LISOCABTAGENE MARALEUCEL
2165107    , SIPULEUCEL T
21651075    , TISAGENLECLEUCEL
217    , ANTINEOPLASTICS MISC
217000081    , ARSENIC TRIOXIDE
21700013    , BCG LIVE INTRAVESICAL
2170002    , DACARBAZINE
2170003    , HYDROXYUREA
217000401    , OMACETAXINE MEPESUCCINATE
21700045    , PENTOSTATIN
217000501    , PROCARBAZINE HCL
217000602    , INTERFERON ALFA 2B
217000603    , INTERFERON ALFA N3
217000607    , INTERFERON GAMMA 1B
217000752    , PEGINTERFERON ALFA 2B ANTINEOPLASTIC 
21703    , ANTINEOPLASTICS INTERLEUKINS
2170302    , ALDESLEUKIN
217030803    , TAGRAXOFUSP ERZS
21707    , ANTINEOPLASTICS PHOTOACTIVATED AGENTS
2170705    , METHOXSALEN PHOTOPHERESIS 
217070701    , PORFIMER SODIUM
21708    , RETINOIDS
2170808    , TRETINOIN CHEMOTHERAPY 
217082    , SELECTIVE RETINOID X RECEPTOR AGONISTS
2170822    , BEXAROTENE
2175    , CHEMOTHERAPY RESCUE ANTIDOTE PROTECTIVE AGENTS
21754    , CARDIAC PROTECTIVE AGENTS
217540401    , DEXRAZOXANE HCL
21755    , FOLIC ACID ANTAGONISTS RESCUE AGENTS
217550401    , LEUCOVORIN CALCIUM
2175505    , LEVOLEUCOVORIN
217550501    , LEVOLEUCOVORIN CALCIUM
21756    , CARBOXYPEPTIDASE ENZYME AGENTS
2175603    , GLUCARPIDASE
217565    , MYELOPROTECTIVE AGENTS
217565702    , TRILACICLIB DIHYDROCHLORIDE
21758    , URINARY TRACT PROTECTIVE AGENTS
2175801    , AMIFOSTINE
2175805    , MESNA
2176    , CHEMOTHERAPY ADJUNCTS
21764    , CHEMOTHERAPY ADJUNCTS HYPERURICEMIA AGENTS
21764065    , RASBURICASE
21765    , CHEMOTHERAPY ADJUNCTS KERATINOCYTE GROWTH FACTORS
2176506    , PALIFERMIN
2199    , ANTINEOPLASTIC COMBINATIONS
2199000215    , DARATUMUMAB HYALURONIDASE FIHJ
219900022    , DAUNORUBICIN CYTARABINE LIPOSOME
2199000225    , DECITABINE CEDAZURIDINE
219900026    , RIBOCICLIB SUCCINATE LETROZOLE
2199000264    , RITUXIMAB HYALURONIDASE HUMAN
2199000272    , TRASTUZUMAB HYALURONIDASE OYSK
2199000275    , TRIFLURIDINE TIPIRACIL
2199000355    , PERTUZUMAB TRASTUZUMAB HYALURONIDASE ZZXF
2100010000105    ,CEFADROXIL CAP 500 MG
2100010000305    ,CEFADROXIL TAB 1 GM
210001000191    ,CEFADROXIL FOR SUSP 250 MG/5ML
2100010001915    ,CEFADROXIL FOR SUSP 500 MG/5ML
210001510211    ,CEFAZOLIN SODIUM FOR INJ 500 MG
2100015102115    ,CEFAZOLIN SODIUM FOR INJ 1 GM
2100015102117    ,CEFAZOLIN SODIUM FOR IV SOLN 1 GM
2100015102125    ,CEFAZOLIN SODIUM FOR INJ 10 GM
210001510214    ,CEFAZOLIN SODIUM FOR INJ 20 GM
210001510218    ,CEFAZOLIN SODIUM (BULK) FOR INJ 100 GM
210001510219    ,CEFAZOLIN SODIUM (BULK) FOR INJ 300 GM
2100015100000000000000000000000000000000000000000000000000000    ,CEFAZOLIN SODIUM IV SOLN PREF SYRINGE 1 GM/10ML
21000151000000000000000000000000000000000000000000000000000000    ,CEFAZOLIN SODIUM IV SOLN PREF SYRINGE 2 GM/20ML
210001510000000000000000000000000000000000000000000000000000000    ,CEFAZOLIN SODIUM IV SOLN PREF SYRINGE 3 GM/20ML
210001512202    ,CEFAZOLIN SODIUM IN SODIUM CHLORIDE 0.9% IV SOLN 2 GM/50ML
2100015122025    ,CEFAZOLIN SODIUM IN SODIUM CHLORIDE 0.9% IV SOLN 2 GM/100ML
210001512203    ,CEFAZOLIN SODIUM IN SODIUM CHLORIDE 0.9% IV SOLN 3 GM/100ML
2100015120000000000000000000000000000000000000000000000000000    ,CEFAZOLIN SOD IN NACL 0.9% IV SOLN PREF SYRINGE 2 GM/10ML
210001513201    ,CEFAZOLIN SODIUM-DEXTROSE IV SOLUTION 1 GM/50ML-4%
210001513202    ,CEFAZOLIN SODIUM-DEXTROSE IV SOLUTION 2 GM/50ML-5%
210001513203    ,CEFAZOLIN SODIUM-DEXTROSE IV SOLUTION 2 GM/100ML-4%
210001513204    ,CEFAZOLIN SODIUM-DEXTROSE IV SOLUTION 2 GM/100ML-5%
210001513205    ,CEFAZOLIN SODIUM-DEXTROSE IV SOLUTION 3 GM/100ML-5%
210001513212    ,CEFAZOLIN SODIUM FOR IV SOLN 1 GM AND DEXTROSE 4% (50 ML)
210001513213    ,CEFAZOLIN SODIUM FOR IV SOLN 2 GM AND DEXTROSE 3% (50 ML)
2100020000105    ,CEPHALEXIN CAP 250 MG
2100020000107    ,CEPHALEXIN CAP 333 MG
210002000011    ,CEPHALEXIN CAP 500 MG
210002000012    ,CEPHALEXIN CAP 750 MG
210002000031    ,CEPHALEXIN TAB 250 MG
2100020000315    ,CEPHALEXIN TAB 500 MG
210002000191    ,CEPHALEXIN FOR SUSP 125 MG/5ML
2100020001915    ,CEPHALEXIN FOR SUSP 250 MG/5ML
2110000500011    ,ALTRETAMINE CAP 50 MG
21100009102005    ,BENDAMUSTINE HCL IV SOLN 100 MG/4ML (25 MG/ML)
2110000910211    ,BENDAMUSTINE HCL FOR IV SOLN 25 MG
2110000910212    ,BENDAMUSTINE HCL FOR IV SOLN 100 MG
21100010000305    ,BUSULFAN TAB 2 MG
2110001000202    ,BUSULFAN INJ 6 MG/ML
2110001500203    ,CARBOPLATIN IV SOLN 50 MG/5ML
21100015002035    ,CARBOPLATIN IV SOLN 150 MG/15ML
2110001500204    ,CARBOPLATIN IV SOLN 450 MG/45ML
21100015002045    ,CARBOPLATIN IV SOLN 600 MG/60ML
2110001500206    ,CARBOPLATIN IV SOLN 1000 MG/100ML
2110002000202    ,CISPLATIN INJ 50 MG/50ML (1 MG/ML)
21100020002025    ,CISPLATIN INJ 100 MG/100ML (1 MG/ML)
2110002000203    ,CISPLATIN INJ 200 MG/200ML (1 MG/ML)
2110002000211    ,CISPLATIN IV FOR INJ 50 MG
2110002400212    ,LURBINECTEDIN FOR IV SOLN 4 MG
21100028002025    ,OXALIPLATIN IV SOLN 50 MG/10ML
2110002800203    ,OXALIPLATIN IV SOLN 100 MG/20ML
21100028002035    ,OXALIPLATIN IV SOLN 200 MG/40ML
2110002800212    ,OXALIPLATIN FOR IV INJ 50 MG
2110002800213    ,OXALIPLATIN FOR IV INJ 100 MG
21100040002105    ,THIOTEPA FOR INJ 15 MG
2110004000215    ,THIOTEPA FOR INJ 100 MG
21101010000305    ,CHLORAMBUCIL TAB 2 MG
21101020000105    ,CYCLOPHOSPHAMIDE CAP 25 MG
2110102000011    ,CYCLOPHOSPHAMIDE CAP 50 MG
21101020000305    ,CYCLOPHOSPHAMIDE TAB 25 MG
2110102000031    ,CYCLOPHOSPHAMIDE TAB 50 MG
2110102000202    ,CYCLOPHOSPHAMIDE IV SOLN 500 MG/2.5ML (200 MG/ML)
2110102000203    ,CYCLOPHOSPHAMIDE IV SOLN 1 GM/5ML (200 MG/ML)
2110102000212    ,CYCLOPHOSPHAMIDE FOR INJ 500 MG
21101020002125    ,CYCLOPHOSPHAMIDE FOR INJ 1 GM
2110102000213    ,CYCLOPHOSPHAMIDE FOR INJ 2 GM
21101025002025    ,IFOSFAMIDE IV INJ 1 GM/20ML (50 MG/ML)
2110102500203    ,IFOSFAMIDE IV INJ 3 GM/60ML (50 MG/ML)
2110102500211    ,IFOSFAMIDE FOR INJ 1 GM
2110102500213    ,IFOSFAMIDE FOR INJ 3 GM
21101030102105    ,MECHLORETHAMINE HCL FOR INJ 10 MG
21101040000305    ,MELPHALAN TAB 2 MG
2110104005212    ,MELPHALAN FLUFENAMIDE HCL FOR IV SOLN 20 MG
2110104010211    ,MELPHALAN HCL FOR INJ 50 MG (BASE EQUIV)
21101040102115    ,MELPHALAN HCL FOR INJ 50 MG (PROPYLENE GLYCOL (PG) FREE)
21102010002105    ,CARMUSTINE FOR INJ 100 MG
2110201020312    ,CARMUSTINE IN POLIFEPROSAN INTRACRANIAL IMPLANT WAFER 7.7 MG
21102020000105    ,LOMUSTINE CAP 5 MG
2110202000011    ,LOMUSTINE CAP 10 MG
21102020000115    ,LOMUSTINE CAP 40 MG
2110202000012    ,LOMUSTINE CAP 100 MG
21102030002105    ,STREPTOZOCIN FOR INJ 1 GM
2110407000011    ,TEMOZOLOMIDE CAP 5 MG
2110407000012    ,TEMOZOLOMIDE CAP 20 MG
2110407000014    ,TEMOZOLOMIDE CAP 100 MG
21104070000143    ,TEMOZOLOMIDE CAP 140 MG
21104070000147    ,TEMOZOLOMIDE CAP 180 MG
2110407000015    ,TEMOZOLOMIDE CAP 250 MG
2110407000212    ,TEMOZOLOMIDE FOR IV SOLN 100 MG
2110707500214    ,TRABECTEDIN FOR INJ 1 MG
2117003420202    ,MARGETUXIMAB-CMKB IV SOLN 250 MG/10ML (25 MG/ML)
2117005400202    ,PERTUZUMAB SOLN FOR IV INFUSION 420 MG/14ML (30 MG/ML)
2117007000211    ,TRASTUZUMAB FOR IV SOLN 150 MG
2117007000212    ,TRASTUZUMAB FOR IV SOLN 440 MG
2117007014211    ,TRASTUZUMAB-ANNS FOR IV SOLN 150 MG
21170070142121    ,TRASTUZUMAB-ANNS FOR IV SOLN 420 MG
21170070302108    ,TRASTUZUMAB-DKST FOR IV SOLN 150 MG
2117007030212    ,TRASTUZUMAB-DKST FOR IV SOLN 420 MG
2117007034212    ,TRASTUZUMAB-DTTB FOR IV SOLN 150 MG
2117007034214    ,TRASTUZUMAB-DTTB FOR IV SOLN 420 MG
2117007060211    ,TRASTUZUMAB-PKRB FOR IV SOLN 150 MG
2117007060212    ,TRASTUZUMAB-PKRB FOR IV SOLN 420 MG
2117007065211    ,TRASTUZUMAB-QYYP FOR IV SOLN 150 MG
2117007065212    ,TRASTUZUMAB-QYYP FOR IV SOLN 420 MG
2117008000032    ,TUCATINIB TAB 50 MG
2117008000034    ,TUCATINIB TAB 150 MG
21200010102105    ,BLEOMYCIN SULFATE FOR INJ 15 UNIT
21200010102115    ,BLEOMYCIN SULFATE FOR INJ 30 UNIT
2120001010215    ,BLEOMYCIN SULF FOR INJ 15 USP UNIT(15000 INTERNATIONAL UNIT)
21200020002105    ,DACTINOMYCIN FOR INJ 0.5 MG
21200030102025    ,DAUNORUBICIN HCL IV SOLN 20 MG/4ML (BASE EQUIV)
21200030102035    ,DAUNORUBICIN HCL IV SOLN 50 MG/10ML (BASE EQUIV)
2120004010201    ,DOXORUBICIN HCL INJ 2 MG/ML
21200040102105    ,DOXORUBICIN HCL FOR INJ 10 MG
21200040102115    ,DOXORUBICIN HCL FOR INJ 50 MG
2120004040221    ,DOXORUBICIN HCL LIPOSOMAL INJ (FOR IV INFUSION) 2 MG/ML
2120004210203    ,EPIRUBICIN HCL IV SOLN 50 MG/25ML (2 MG/ML)
21200042102045    ,EPIRUBICIN HCL IV SOLN 200 MG/100ML (2 MG/ML)
21200045102025    ,IDARUBICIN HCL IV INJ 5 MG/5ML (1 MG/ML)
2120004510203    ,IDARUBICIN HCL IV INJ 10 MG/10ML (1 MG/ML)
21200045102035    ,IDARUBICIN HCL IV INJ 20 MG/20ML (1 MG/ML)
21200050002105    ,MITOMYCIN FOR IV SOLN 5 MG
2120005000211    ,MITOMYCIN FOR IV SOLN 20 MG
2120005000212    ,MITOMYCIN FOR IV SOLN 40 MG
2120005000216    ,MITOMYCIN FOR PYELOCALYCEAL SOLN 40 MG
2120005000000000000000000000000000000000000000000000000000000000    ,MITOMYCIN SOLN FOR INTRAVESICAL INSTILLATION 20 MG/40ML
2120005500132    ,MITOXANTRONE HCL INJ CONC 20 MG/10ML (2 MG/ML)
21200055001325    ,MITOXANTRONE HCL INJ CONC 25 MG/12.5ML (2 MG/ML)
2120005500133    ,MITOXANTRONE HCL INJ CONC 30 MG/15ML (2 MG/ML)
2120008000202    ,VALRUBICIN SOLN FOR INTRAVESICAL INSTILLATION 40 MG/ML
21250010402125    ,ASPARAGINASE ERWINIA CHRYSANTHEMI FOR INJ 10000 UNIT
2125001060202    ,ASPARAGINASE ERWINIA CHRYS (RECOMB)-RYWN IM SOLN 10 MG/0.5ML
2125003050202    ,CALASPARGASE PEGOL-MKNL IV SOLN 3750 UNIT/5ML (750 UNIT/ML)
2125006000202    ,PEGASPARGASE INJ 750 UNIT/ML
2130000300032    ,AZACITIDINE TAB 200 MG
2130000300033    ,AZACITIDINE TAB 300 MG
2130000300192    ,AZACITIDINE FOR INJ 100 MG
2130000500032    ,CAPECITABINE TAB 150 MG
2130000500035    ,CAPECITABINE TAB 500 MG
21300007002015    ,CLADRIBINE IV SOLN 10 MG/10ML (1 MG/ML)
2130000800202    ,CLOFARABINE IV SOLN 1 MG/ML
2130001000201    ,CYTARABINE INJ 20 MG/ML
21300010002011    ,CYTARABINE INJ PF 20 MG/ML
2130001000204    ,CYTARABINE INJ PF 100 MG/ML
21300010301825    ,CYTARABINE LIPOSOME INJ 50 MG/5ML
2130001500212    ,DECITABINE FOR INJ 50 MG
21300020002105    ,FLOXURIDINE FOR INJ 0.5 GM
2130002510202    ,FLUDARABINE PHOSPHATE INJ 25 MG/ML
2130002510212    ,FLUDARABINE PHOSPHATE FOR INJ 50 MG
2130003000202    ,FLUOROURACIL IV SOLN 500 MG/10ML (50 MG/ML)
21300030002025    ,FLUOROURACIL IV SOLN 1 GM/20ML (50 MG/ML)
2130003000203    ,FLUOROURACIL IV SOLN 2.5 GM/50ML (50 MG/ML)
21300030002035    ,FLUOROURACIL IV SOLN 5 GM/100ML (50 MG/ML)
2130003410202    ,GEMCITABINE HCL INJ 200 MG/5.26ML (38 MG/ML) (BASE EQUIV)
2130003410204    ,GEMCITABINE HCL INJ 1 GM/26.3ML (38 MG/ML) (BASE EQUIV)
2130003410206    ,GEMCITABINE HCL INJ 2 GM/52.6ML (38 MG/ML) (BASE EQUIV)
21300034102073    ,GEMCITABINE HCL INJ 200 MG/2ML (100 MG/ML) (BASE EQUIV)
21300034102077    ,GEMCITABINE HCL INJ 1 GM/10ML (100 MG/ML) (BASE EQUIV)
2130003410208    ,GEMCITABINE HCL INJ 1.5 GM/15ML (100 MG/ML) (BASE EQUIV)
21300034102083    ,GEMCITABINE HCL INJ 2 GM/20ML (100 MG/ML) (BASE EQUIV)
2130003410211    ,GEMCITABINE HCL FOR INJ 200 MG
2130003410214    ,GEMCITABINE HCL FOR INJ 1 GM
2130003410216    ,GEMCITABINE HCL FOR INJ 2 GM
2130003411202    ,GEMCITABINE HCL-NACL IV SOLN 1200 MG/120ML-0.9%
21300034112024    ,GEMCITABINE HCL-NACL IV SOLN 1300 MG/130ML-0.9%
21300034112028    ,GEMCITABINE HCL-NACL IV SOLN 1400 MG/140ML-0.9%
21300034112032    ,GEMCITABINE HCL-NACL IV SOLN 1500 MG/150ML-0.9%
21300034112036    ,GEMCITABINE HCL-NACL IV SOLN 1600 MG/160ML-0.9%
2130003411204    ,GEMCITABINE HCL-NACL IV SOLN 1700 MG/170ML-0.9%
21300034112044    ,GEMCITABINE HCL-NACL IV SOLN 1800 MG/180ML-0.9%
21300034112048    ,GEMCITABINE HCL-NACL IV SOLN 1900 MG/190ML-0.9%
21300034112052    ,GEMCITABINE HCL-NACL IV SOLN 2000 MG/200ML-0.9%
21300034112056    ,GEMCITABINE HCL-NACL IV SOLN 2200 MG/220ML-0.9%
21300040000305    ,MERCAPTOPURINE TAB 50 MG
2130004000183    ,MERCAPTOPURINE SUSP 2000 MG/100ML (20 MG/ML)
2130005000208    ,METHOTREXATE ORAL SOLN 2.5 MG/ML
213000500029    ,METHOTREXATE POWDER
2130005010031    ,METHOTREXATE SODIUM TAB 2.5 MG (BASE EQUIV)
2130005010032    ,METHOTREXATE SODIUM TAB 5 MG (BASE EQUIV)
2130005010033    ,METHOTREXATE SODIUM TAB 7.5 MG (BASE EQUIV)
2130005010034    ,METHOTREXATE SODIUM TAB 10 MG (BASE EQUIV)
2130005010035    ,METHOTREXATE SODIUM TAB 15 MG (BASE EQUIV)
21300050102062    ,METHOTREXATE SODIUM INJ 50 MG/2ML (25 MG/ML)
21300050102063    ,METHOTREXATE SODIUM INJ PF 50 MG/2ML (25 MG/ML)
21300050102068    ,METHOTREXATE SODIUM INJ 250 MG/10ML (25 MG/ML)
21300050102069    ,METHOTREXATE SODIUM INJ PF 250 MG/10ML (25 MG/ML)
21300050102075    ,METHOTREXATE SODIUM INJ PF 1000 MG/40ML (25 MG/ML)
2130005010215    ,METHOTREXATE SODIUM FOR INJ 1 GM
2130005200202    ,NELARABINE IV SOLN 5 MG/ML
2130005310211    ,PEMETREXED DISODIUM FOR IV SOLN 100 MG (BASE EQUIV)
2130005310212    ,PEMETREXED DISODIUM FOR IV SOLN 500 MG (BASE EQUIV)
2130005400202    ,PRALATREXATE IV INJ 20 MG/ML
21300054002025    ,PRALATREXATE IV INJ 40 MG/2ML
21300060000305    ,THIOGUANINE TAB 40 MG
2133501010202    ,ZIV-AFLIBERCEPT IV SOLN 100 MG/4ML (FOR INFUSION)
2133501010203    ,ZIV-AFLIBERCEPT IV SOLN 200 MG/8ML (FOR INFUSION)
2133501300032    ,AXITINIB TAB 1 MG
2133501300034    ,AXITINIB TAB 5 MG
21335020002025    ,BEVACIZUMAB IV SOLN 100 MG/4ML (FOR INFUSION)
2133502000203    ,BEVACIZUMAB IV SOLN 400 MG/16ML (FOR INFUSION)
21335020202025    ,BEVACIZUMAB-AWWB IV SOLN 100 MG/4ML (FOR INFUSION)
2133502020203    ,BEVACIZUMAB-AWWB IV SOLN 400 MG/16ML (FOR INFUSION)
21335020302025    ,BEVACIZUMAB-BVZR IV SOLN 100 MG/4ML (FOR INFUSION)
2133502030203    ,BEVACIZUMAB-BVZR IV SOLN 400 MG/16ML (FOR INFUSION)
2133505420B21,LENVATINIB CAP THERAPY PACK 4 MG (4 MG DAILY DOSE)
2133505420B215,LENVATINIB CAP THERAPY PACK 2 X 4 MG (8 MG DAILY DOSE)
2133505420B22,LENVATINIB CAP THERAPY PACK 10 MG (10 MG DAILY DOSE)
2133505420B223,LENVATINIB CAP THERAPY PACK 3 X 4 MG (12 MG DAILY DOSE)
2133505420B23,LENVATINIB CAP THERAPY PACK 2 X 10 MG (20 MG DAILY DOSE)
2133505420B24,LENVATINIB CAP THERAPY PACK 10 & 4 MG (14 MG DAILY DOSE)
2133505420B244,LENVATINIB CAP THER PACK 10 MG & 2 X 4 MG (18 MG DAILY DOSE)
2133505420B25,LENVATINIB CAP THER PACK 2 X 10 MG & 4 MG (24 MG DAILY DOSE)
2133507000202    ,RAMUCIRUMAB IV SOLN 100 MG/10ML (FOR INFUSION)
2133507000204    ,RAMUCIRUMAB IV SOLN 500 MG/50ML (FOR INFUSION)
2135051520212    ,BELANTAMAB MAFODOTIN-BLMF FOR IV SOLN 100 MG
2135113520202    ,MOGAMULIZUMAB-KPKC IV SOLN 20 MG/5ML (4 MG/ML)
2135146720212    ,TAFASITAMAB-CXIX FOR IV SOLN 200 MG
2135164050212    ,LONCASTUXIMAB TESIRINE-LPYL FOR IV SOLN 10 MG
21351843002025    ,OBINUTUZUMAB SOLN FOR IV INFUSION 1000 MG/40ML (25 MG/ML)
2135184500132    ,OFATUMUMAB CONC FOR IV INFUSION 100 MG/5ML
2135184500136    ,OFATUMUMAB CONC FOR IV INFUSION 1000 MG/50ML
2135186000202    ,RITUXIMAB IV SOLN 100 MG/10ML
2135186000204    ,RITUXIMAB IV SOLN 500 MG/50ML
2135186010202    ,RITUXIMAB-ABBS IV SOLN 100 MG/10ML (10 MG/ML)
2135186010204    ,RITUXIMAB-ABBS IV SOLN 500 MG/50ML (10 MG/ML)
2135186014202    ,RITUXIMAB-ARRX IV SOLN 100 MG/10ML (10 MG/ML)
2135186014204    ,RITUXIMAB-ARRX IV SOLN 500 MG/50ML (10 MG/ML)
2135186060202    ,RITUXIMAB-PVVR IV SOLN 100 MG/10ML (10 MG/ML)
2135186060204    ,RITUXIMAB-PVVR IV SOLN 500 MG/50ML (10 MG/ML)
2135202000212    ,BLINATUMOMAB FOR IV INFUSION 35 MCG
2135223650212    ,MOXETUMOMAB PASUDOTOX-TDFK FOR IV SOLN 1 MG
2135264020213    ,INOTUZUMAB OZOGAMICIN FOR IV SOLN 0.9 MG
2135322020212    ,BRENTUXIMAB VEDOTIN FOR IV SOLN 50 MG
21353630202117    ,GEMTUZUMAB OZOGAMICIN FOR IV SOLN 4.5 MG
2135402700202    ,DARATUMUMAB IV SOLN 100 MG/5ML
2135402700203    ,DARATUMUMAB IV SOLN 400 MG/20ML
2135403320202    ,ISATUXIMAB-IRFC IV SOLN 100 MG/5ML
2135403320203    ,ISATUXIMAB-IRFC IV SOLN 500 MG/25ML
2135441000204    ,ALEMTUZUMAB IV INJ 30 MG/ML (FOR INFUSION)
2135486030211    ,POLATUZUMAB VEDOTIN-PIIQ FOR IV SOLUTION 30 MG
2135486030212    ,POLATUZUMAB VEDOTIN-PIIQ FOR IV SOLUTION 140 MG
2135507030212    ,ADO-TRASTUZUMAB EMTANSINE FOR IV SOLN 100 MG
2135507030213    ,ADO-TRASTUZUMAB EMTANSINE FOR IV SOLN 160 MG
2135507055212    ,FAM-TRASTUZUMAB DERUXTECAN-NXKI FOR IV SOLN 100 MG
2135523200202    ,IPILIMUMAB SOLN FOR IV INFUSION 50 MG/10ML (5 MG/ML)
2135523200204    ,IPILIMUMAB SOLN FOR IV INFUSION 200 MG/40ML (5 MG/ML)
2135602800202    ,DINUTUXIMAB IV SOLN 17.5 MG/5ML (3.5 MG/ML)
2135605030202    ,NAXITAMAB-GQGK IV SOLN 40 MG/10ML (4 MG/ML)
2135702620212    ,ENFORTUMAB VEDOTIN-EJFV FOR IV SOLN 20 MG
2135702620213    ,ENFORTUMAB VEDOTIN-EJFV FOR IV SOLN 30 MG
2135792340203    ,CEMIPLIMAB-RWLC IV SOLN 350 MG/7ML (50 MG/ML)
2135792830202    ,DOSTARLIMAB-GXLY IV SOLN 500 MG/10ML (50 MG/ML)
2135794100202    ,NIVOLUMAB IV SOLN 40 MG/4ML
2135794100203    ,NIVOLUMAB IV SOLN 100 MG/10ML
2135794100205    ,NIVOLUMAB IV SOLN 240 MG/24ML
2135795300203    ,PEMBROLIZUMAB IV SOLN 100 MG/4ML (25 MG/ML)
2135803540642    ,IBRITUMOMAB TIUXETAN FOR YTTRIUM-90 (Y-90) KIT 3.2 MG/2ML
21358215002015    ,ATEZOLIZUMAB IV SOLN 840 MG/14ML
2135821500202    ,ATEZOLIZUMAB IV SOLN 1200 MG/20ML
2135822000202    ,AVELUMAB SOLN FOR IV INFUSION 200 MG/10ML (20 MG/ML)
2135822900202    ,DURVALUMAB SOLN FOR IV INFUSION 120 MG/2.4ML (50 MG/ML)
2135822900203    ,DURVALUMAB SOLN FOR IV INFUSION 500 MG/10ML (50 MG/ML)
2135903000212    ,ELOTUZUMAB FOR IV SOLN 300 MG
2135903000213    ,ELOTUZUMAB FOR IV SOLN 400 MG
2135971080202    ,AMIVANTAMAB-VMJW IV SOLN 350 MG/7ML
2136000610032    ,AFATINIB DIMALEATE TAB 20 MG (BASE EQUIVALENT)
2136000610033    ,AFATINIB DIMALEATE TAB 30 MG (BASE EQUIVALENT)
2136000610034    ,AFATINIB DIMALEATE TAB 40 MG (BASE EQUIVALENT)
2136001500202    ,CETUXIMAB IV SOLN 100 MG/50ML (2 MG/ML)
21360015002025    ,CETUXIMAB IV SOLN 200 MG/100ML (2 MG/ML)
2136001900032    ,DACOMITINIB TAB 15 MG
2136001900033    ,DACOMITINIB TAB 30 MG
2136001900034    ,DACOMITINIB TAB 45 MG
2136002510032    ,ERLOTINIB HCL TAB 25 MG (BASE EQUIVALENT)
2136002510033    ,ERLOTINIB HCL TAB 100 MG (BASE EQUIVALENT)
2136002510036    ,ERLOTINIB HCL TAB 150 MG (BASE EQUIVALENT)
2136003000032    ,GEFITINIB TAB 250 MG
2136005400202    ,NECITUMUMAB IV SOLN 800 MG/50ML (16 MG/ML)
2136006820032    ,OSIMERTINIB MESYLATE TAB 40 MG (BASE EQUIVALENT)
2136006820033    ,OSIMERTINIB MESYLATE TAB 80 MG (BASE EQUIVALENT)
21360070002025    ,PANITUMUMAB IV SOLN 100 MG/5ML
21360070002035    ,PANITUMUMAB IV SOLN 400 MG/20ML
2137003030032    ,GLASDEGIB MALEATE TAB 25 MG (BASE EQUIVALENT)
21370030300335    ,GLASDEGIB MALEATE TAB 100 MG (BASE EQUIVALENT)
2137006020012    ,SONIDEGIB PHOSPHATE CAP 200 MG (BASE EQUIVALENT)
2137007000012    ,VISMODEGIB CAP 150 MG
2140225000032    ,MITOTANE TAB 500 MG
2140241000032    ,APALUTAMIDE TAB 60 MG
2140242000032    ,BICALUTAMIDE TAB 50 MG
2140242500032    ,DAROLUTAMIDE TAB 300 MG
2140243000012    ,ENZALUTAMIDE CAP 40 MG
2140243000032    ,ENZALUTAMIDE TAB 40 MG
2140243000034    ,ENZALUTAMIDE TAB 80 MG
2140244000011    ,FLUTAMIDE CAP 125 MG
2140246000033    ,NILUTAMIDE TAB 150 MG
2140268010031    ,TAMOXIFEN CITRATE TAB 10 MG (BASE EQUIVALENT)
2140268010032    ,TAMOXIFEN CITRATE TAB 20 MG (BASE EQUIVALENT)
2140268010202    ,TAMOXIFEN CITRATE ORAL SOLN 10 MG/5ML (BASE EQUIVALENT)
2140268510032    ,TOREMIFENE CITRATE TAB 60 MG (BASE EQUIVALENT)
2140281000031    ,ANASTROZOLE TAB 1 MG
2140283500032    ,EXEMESTANE TAB 25 MG
2140286000032    ,LETROZOLE TAB 2.5 MG
21403020100105    ,ESTRAMUSTINE PHOSPHATE SODIUM CAP 140 MG
21403530002024    ,FULVESTRANT INJ 250 MG/5ML
2140400720202    ,HYDROXYPROGESTERONE CAPROATE IM IN OIL 1.25 GM/5ML
2140401010184    ,MEDROXYPROGESTERONE ACETATE IM SUSP 400 MG/ML
21404020100305    ,MEGESTROL ACETATE TAB 20 MG
2140402010031    ,MEGESTROL ACETATE TAB 40 MG
2140402010181    ,MEGESTROL ACETATE SUSP 40 MG/ML
214040201029    ,MEGESTROL ACETATE POWDER
2140500510231    ,GOSERELIN ACETATE IMPLANT 3.6 MG
2140500510233    ,GOSERELIN ACETATE IMPLANT 10.8 MG
2140500710645    ,HISTRELIN ACETATE IMPLANT KIT 50 MG
21405010106405    ,LEUPROLIDE ACETATE FOR INJ KIT 3.75 MG
21405010106407    ,LEUPROLIDE ACETATE INJ KIT 5 MG/ML
2140501010641    ,LEUPROLIDE ACETATE FOR INJ KIT 7.5 MG
21405010106415    ,LEUPROLIDE ACETATE FOR SUBCUTANEOUS INJ KIT 7.5 MG
2140501015642    ,LEUPROLIDE ACETATE (3 MONTH) FOR INJ KIT 11.25 MG
2140501015643    ,LEUPROLIDE ACETATE (3 MONTH) FOR INJ KIT 22.5 MG
21405010156432    ,LEUPROLIDE ACETATE (3 MONTH) FOR SUBCUTANEOUS INJ KIT 22.5MG
2140501020643    ,LEUPROLIDE ACETATE (4 MONTH) FOR INJ KIT 30 MG
21405010206435    ,LEUPROLIDE ACETATE (4 MONTH) FOR SUBCUTANEOUS INJ KIT 30 MG
21405010256445    ,LEUPROLIDE ACETATE (6 MONTH) FOR SUBCUTANEOUS INJ KIT 45 MG
2140501025645    ,LEUPROLIDE ACETATE (6 MONTH) FOR INJ KIT 45 MG
2140505020192    ,TRIPTORELIN PAMOATE FOR IM SUSP 3.75 MG
2140505020193    ,TRIPTORELIN PAMOATE FOR IM SUSP 11.25 MG
2140505020194    ,TRIPTORELIN PAMOATE FOR IM SUSP 22.5 MG
2140552510212    ,DEGARELIX ACETATE FOR INJ 80 MG (BASE EQUIV)
21405525102131    ,DEGARELIX ACETATE FOR INJ 120 MG/VIAL (240 MG DOSE)
2140557000032    ,RELUGOLIX TAB 120 MG
2140601020031    ,ABIRATERONE ACETATE TAB 125 MG
2140601020032    ,ABIRATERONE ACETATE TAB 250 MG
2140601020033    ,ABIRATERONE ACETATE TAB 500 MG
2140990260202    ,LEUPROLIDE ACETATE-BUPIVACAINE HCL IM SOLN 25-5 MG/ML
214500601029    ,LEVAMISOLE HCL POWDER
2145008000011    ,POMALIDOMIDE CAP 1 MG
21450080000115    ,POMALIDOMIDE CAP 2 MG
2145008000012    ,POMALIDOMIDE CAP 3 MG
21450080000125    ,POMALIDOMIDE CAP 4 MG
2147008000032    ,VENETOCLAX TAB 10 MG
2147008000034    ,VENETOCLAX TAB 50 MG
2147008000036    ,VENETOCLAX TAB 100 MG
2147008000B72,VENETOCLAX TAB THERAPY STARTER PACK 10 & 50 & 100 MG
2149000900031    ,AVAPRITINIB TAB 25 MG
21490009000315    ,AVAPRITINIB TAB 50 MG
2149000900032    ,AVAPRITINIB TAB 100 MG
2149000900033    ,AVAPRITINIB TAB 200 MG
2149000900034    ,AVAPRITINIB TAB 300 MG
2149004700201    ,OLARATUMAB SOLN FOR IV INFUSION 190 MG/19ML (10 MG/ML)
2149004700202    ,OLARATUMAB SOLN FOR IV INFUSION 500 MG/50ML (10 MG/ML)
2150000300202    ,CABAZITAXEL INJ 60 MG/1.5ML (FOR IV INFUSION)
2150000500131    ,DOCETAXEL FOR INJ CONC 20 MG/ML
21500005001315    ,DOCETAXEL FOR INJ CONC 80 MG/4ML (20 MG/ML)
21500005001317    ,DOCETAXEL FOR INJ CONC 160 MG/8ML (20 MG/ML)
21500005001318    ,DOCETAXEL FOR INJ CONC 200 MG/10ML (20 MG/ML)
2150000500132    ,DOCETAXEL FOR INJ CONC 20 MG/0.5ML (40 MG/ML)
21500005001325    ,DOCETAXEL FOR INJ CONC 80 MG/2ML (40 MG/ML)
2150000500203    ,DOCETAXEL SOLN FOR IV INFUSION 20 MG/2ML
2150000500204    ,DOCETAXEL SOLN FOR IV INFUSION 80 MG/8ML
2150000500205    ,DOCETAXEL SOLN FOR IV INFUSION 160 MG/16ML
2150000500207    ,DOCETAXEL (NON-ALCOHOL FORMULA) IV SOLN 20 MG/ML
21500005002075    ,DOCETAXEL (NON-ALCOHOL FORMULA) IV SOLN 80 MG/4ML
2150000500208    ,DOCETAXEL (NON-ALCOHOL FORMULA) IV SOLN 160 MG/8ML
2150000920202    ,ERIBULIN MESYLATE INJ 1 MG/2ML (0.5 MG/ML)
2150001000012    ,ETOPOSIDE CAP 50 MG
21500010002025    ,ETOPOSIDE INJ 100 MG/5ML (20 MG/ML)
2150001000203    ,ETOPOSIDE INJ 500 MG/25ML (20 MG/ML)
2150001000204    ,ETOPOSIDE INJ 1 GM/50ML (20 MG/ML)
2150001060212    ,ETOPOSIDE PHOSPHATE IV FOR INJ 100 MG (BASE EQUIVALENT)
2150001100212    ,IXABEPILONE FOR IV INFUSION 15 MG
2150001100214    ,IXABEPILONE FOR IV INFUSION 45 MG
21500012001325    ,PACLITAXEL IV CONC 30 MG/5ML (6 MG/ML)
21500012001334    ,PACLITAXEL IV CONC 100 MG/16.67ML (6 MG/ML)
21500012001335    ,PACLITAXEL IV CONC 100 MG/16.7ML (6 MG/ML)
2150001200134    ,PACLITAXEL IV CONC 150 MG/25ML (6 MG/ML)
2150001200135    ,PACLITAXEL IV CONC 300 MG/50ML (6 MG/ML)
2150001220192    ,PACLITAXEL PROTEIN-BOUND PARTICLES FOR IV SUSP 100 MG
2150001500202    ,TENIPOSIDE IV SOLN 10 MG/ML
21500020102005    ,VINCRISTINE SULFATE IV SOLN 1 MG/ML
2150002020182    ,VINCRISTINE SULFATE LIPOSOME IV SUSP 5 MG/31ML (0.16 MG/ML)
2150003010202    ,VINBLASTINE SULFATE INJ 1 MG/ML
2150005080202    ,VINORELBINE TARTRATE INJ 10 MG/ML (BASE EQUIV)
21500050802025    ,VINORELBINE TARTRATE INJ 50 MG/5ML (10 MG/ML) (BASE EQUIV)
2153050710012    ,ALECTINIB HCL CAP 150 MG (BASE EQUIVALENT)
2153051000033    ,BRIGATINIB TAB 30 MG
2153051000035    ,BRIGATINIB TAB 90 MG
21530510000365    ,BRIGATINIB TAB 180 MG
2153051000B72,BRIGATINIB TAB INITIATION THERAPY PACK 90 MG & 180 MG
2153051400013    ,CERITINIB CAP 150 MG
2153051400033    ,CERITINIB TAB 150 MG
2153051700012    ,CRIZOTINIB CAP 200 MG
21530517000125    ,CRIZOTINIB CAP 250 MG
2153055600032    ,LORLATINIB TAB 25 MG
2153055600033    ,LORLATINIB TAB 100 MG
21531010000305    ,ABEMACICLIB TAB 50 MG
2153101000031    ,ABEMACICLIB TAB 100 MG
21531010000315    ,ABEMACICLIB TAB 150 MG
2153101000032    ,ABEMACICLIB TAB 200 MG
2153106000012    ,PALBOCICLIB CAP 75 MG
2153106000013    ,PALBOCICLIB CAP 100 MG
2153106000014    ,PALBOCICLIB CAP 125 MG
2153106000032    ,PALBOCICLIB TAB 75 MG
2153106000033    ,PALBOCICLIB TAB 100 MG
2153106000034    ,PALBOCICLIB TAB 125 MG
2153107050B72,RIBOCICLIB SUCCINATE TAB PACK 200 MG DAILY DOSE
2153107050B74,RIBOCICLIB SUCCINATE TAB PACK 400 MG DAILY DOSE (200 MG TAB)
2153107050B76,RIBOCICLIB SUCCINATE TAB PACK 600 MG DAILY DOSE (200 MG TAB)
2153152000212    ,BELINOSTAT FOR IV INJ 500 MG
2153155010012    ,PANOBINOSTAT LACTATE CAP 10 MG (BASE EQUIVALENT)
2153155010013    ,PANOBINOSTAT LACTATE CAP 15 MG (BASE EQUIVALENT)
2153155010014    ,PANOBINOSTAT LACTATE CAP 20 MG (BASE EQUIVALENT)
2153156000203    ,ROMIDEPSIN IV SOLN 27.5 MG/5.5ML (5 MG/ML)
2153156000212    ,ROMIDEPSIN FOR IV INJ 10 MG
2153157500012    ,VORINOSTAT CAP 100 MG
2153181200032    ,BOSUTINIB TAB 100 MG
21531812000327    ,BOSUTINIB TAB 400 MG
2153181200034    ,BOSUTINIB TAB 500 MG
2153182000032    ,DASATINIB TAB 20 MG
2153182000034    ,DASATINIB TAB 50 MG
2153182000035    ,DASATINIB TAB 70 MG
21531820000354    ,DASATINIB TAB 80 MG
2153182000036    ,DASATINIB TAB 100 MG
2153182000038    ,DASATINIB TAB 140 MG
2153183510032    ,IMATINIB MESYLATE TAB 100 MG (BASE EQUIVALENT)
2153183510034    ,IMATINIB MESYLATE TAB 400 MG (BASE EQUIVALENT)
2153186020011    ,NILOTINIB HCL CAP 50 MG (BASE EQUIVALENT)
21531860200115    ,NILOTINIB HCL CAP 150 MG (BASE EQUIVALENT)
21531860200125    ,NILOTINIB HCL CAP 200 MG (BASE EQUIVALENT)
21531875100315    ,PONATINIB HCL TAB 10 MG (BASE EQUIV)
2153187510032    ,PONATINIB HCL TAB 15 MG (BASE EQUIV)
2153187510033    ,PONATINIB HCL TAB 30 MG (BASE EQUIV)
2153187510034    ,PONATINIB HCL TAB 45 MG (BASE EQUIV)
2153202510012    ,DABRAFENIB MESYLATE CAP 50 MG (BASE EQUIVALENT)
2153202510013    ,DABRAFENIB MESYLATE CAP 75 MG (BASE EQUIVALENT)
2153204000012    ,ENCORAFENIB CAP 50 MG
2153204000013    ,ENCORAFENIB CAP 75 MG
2153208000032    ,VEMURAFENIB TAB 240 MG
2153210300012    ,ACALABRUTINIB CAP 100 MG
2153213300011    ,IBRUTINIB CAP 70 MG
2153213300012    ,IBRUTINIB CAP 140 MG
2153213300032    ,IBRUTINIB TAB 140 MG
2153213300033    ,IBRUTINIB TAB 280 MG
2153213300034    ,IBRUTINIB TAB 420 MG
2153213300035    ,IBRUTINIB TAB 560 MG
2153219500012    ,ZANUBRUTINIB CAP 80 MG
2153222500032    ,ERDAFITINIB TAB 3 MG
21532225000325    ,ERDAFITINIB TAB 4 MG
2153222500033    ,ERDAFITINIB TAB 5 MG
2153223540B22,INFIGRATINIB PHOS CAP THER PACK 2 X 25 MG (50 MG DAILY DOSE)
2153223540B225,INFIGRATINIB PHOS CAP THER PACK 3 X 25 MG (75 MG DAILY DOSE)
2153223540B23,INFIGRATINIB PHOS CAP THER PACK 100 MG (100 MG DAILY DOSE)
2153223540B235,INFIGRATINIB PHOS CAP PACK 100 & 25 MG (125 MG DAILY DOSE)
2153226000032    ,PEMIGATINIB TAB 4.5 MG
2153226000033    ,PEMIGATINIB TAB 9 MG
2153226000034    ,PEMIGATINIB TAB 13.5 MG
2153248000032    ,SOTORASIB TAB 120 MG
2153253000031    ,EVEROLIMUS TAB 2.5 MG
2153253000032    ,EVEROLIMUS TAB 5 MG
21532530000325    ,EVEROLIMUS TAB 7.5 MG
2153253000033    ,EVEROLIMUS TAB 10 MG
2153253000731    ,EVEROLIMUS TAB FOR ORAL SUSP 2 MG
2153253000732    ,EVEROLIMUS TAB FOR ORAL SUSP 3 MG
2153253000734    ,EVEROLIMUS TAB FOR ORAL SUSP 5 MG
2153257000202    ,TEMSIROLIMUS SOLN FOR IV INFUSION 25 MG/ML
2153301010032    ,CABOZANTINIB S-MALATE TAB 20 MG (BASE EQUIVALENT)
2153301010033    ,CABOZANTINIB S-MALATE TAB 40 MG (BASE EQUIVALENT)
2153301010034    ,CABOZANTINIB S-MALATE TAB 60 MG (BASE EQUIVALENT)
2153301010646    ,CABOZANTINIB S-MALATE CAP 3 X 20 MG (60 MG DOSE) KIT
2153301010647    ,CABOZANTINIB S-MAL CAP 1 X 80 MG & 1 X 20 MG (100 DOSE) KIT
2153301010648    ,CABOZANTINIB S-MAL CAP 1 X 80 MG & 3 X 20 MG (140 DOSE) KIT
2153302020032    ,GILTERITINIB FUMARATE TABLET 40 MG (BASE EQUIVALENT)
2153302610032    ,LAPATINIB DITOSYLATE TAB 250 MG (BASE EQUIV)
2153303000013    ,MIDOSTAURIN CAP 25 MG
2153303510032    ,NERATINIB MALEATE TAB 40 MG (BASE EQUIVALENT)
2153304210032    ,PAZOPANIB HCL TAB 200 MG (BASE EQUIV)
2153304501012    ,PEXIDARTINIB HCL CAP 200 MG (BASE EQUIVALENT)
2153305000032    ,REGORAFENIB TAB 40 MG
2153305300032    ,RIPRETINIB TAB 50 MG
2153306040032    ,SORAFENIB TOSYLATE TAB 200 MG (BASE EQUIVALENT)
2153307030012    ,SUNITINIB MALATE CAP 12.5 MG (BASE EQUIVALENT)
2153307030013    ,SUNITINIB MALATE CAP 25 MG (BASE EQUIVALENT)
21533070300135    ,SUNITINIB MALATE CAP 37.5 MG (BASE EQUIVALENT)
2153307030014    ,SUNITINIB MALATE CAP 50 MG (BASE EQUIVALENT)
2153307310032    ,TEPOTINIB HCL TAB 225 MG
2153307625012    ,TIVOZANIB HCL CAP 890 MCG (BASE EQUIVALENT)
2153307625013    ,TIVOZANIB HCL CAP 1340 MCG (BASE EQUIVALENT)
2153308040032    ,UMBRALISIB TOSYLATE TAB 200 MG
2153308500032    ,VANDETANIB TAB 100 MG
2153308500034    ,VANDETANIB TAB 300 MG
2153352000032    ,BINIMETINIB TAB 15 MG
2153353020032    ,COBIMETINIB FUMARATE TAB 20 MG (BASE EQUIVALENT)
2153356550011    ,SELUMETINIB SULFATE CAP 10 MG
21533565500125    ,SELUMETINIB SULFATE CAP 25 MG
2153357010031    ,TRAMETINIB DIMETHYL SULFOXIDE TAB 0.5 MG (BASE EQUIVALENT)
2153357010033    ,TRAMETINIB DIMETHYL SULFOXIDE TAB 2 MG (BASE EQUIVALENT)
2153367520032    ,TAZEMETOSTAT HBR TAB 200 MG
2153371620032    ,CAPMATINIB HCL TAB 150 MG
2153371620033    ,CAPMATINIB HCL TAB 200 MG
2153382000012    ,ENTRECTINIB CAP 100 MG
2153382000013    ,ENTRECTINIB CAP 200 MG
2153383520012    ,LAROTRECTINIB SULFATE CAP 25 MG (BASE EQUIVALENT)
2153383520015    ,LAROTRECTINIB SULFATE CAP 100 MG (BASE EQUIVALENT)
2153383520202    ,LAROTRECTINIB SULFATE ORAL SOLN 20 MG/ML (BASE EQUIVALENT)
2153494000032    ,IVOSIDENIB TAB 250 MG
2153503020032    ,ENASIDENIB MESYLATE TAB 50 MG (BASE EQUIVALENT)
2153503020034    ,ENASIDENIB MESYLATE TAB 100 MG (BASE EQUIVALENT)
2153555020012    ,NIRAPARIB TOSYLATE CAP 100 MG (BASE EQUIVALENT)
2153556000012    ,OLAPARIB CAP 50 MG
2153556000033    ,OLAPARIB TAB 100 MG
2153556000034    ,OLAPARIB TAB 150 MG
2153557020032    ,RUCAPARIB CAMSYLATE TAB 200 MG (BASE EQUIVALENT)
21535570200325    ,RUCAPARIB CAMSYLATE TAB 250 MG (BASE EQUIVALENT)
2153557020033    ,RUCAPARIB CAMSYLATE TAB 300 MG (BASE EQUIVALENT)
2153558040011    ,TALAZOPARIB TOSYLATE CAP 0.25 MG (BASE EQUIVALENT)
2153558040012    ,TALAZOPARIB TOSYLATE CAP 1 MG (BASE EQUIVALENT)
2153575000012    ,PRALSETINIB CAP 100 MG
2153577900012    ,SELPERCATINIB CAP 40 MG
2153577900014    ,SELPERCATINIB CAP 80 MG
2153601500212    ,BORTEZOMIB FOR INJ 3.5 MG
21536015002122    ,BORTEZOMIB FOR IV INJ 3.5 MG
21536025002105    ,CARFILZOMIB FOR INJ 10 MG
2153602500211    ,CARFILZOMIB FOR INJ 30 MG
2153602500212    ,CARFILZOMIB FOR INJ 60 MG
2153604510012    ,IXAZOMIB CITRATE CAP 2.3 MG (BASE EQUIVALENT)
2153604510013    ,IXAZOMIB CITRATE CAP 3 MG (BASE EQUIVALENT)
2153604510014    ,IXAZOMIB CITRATE CAP 4 MG (BASE EQUIVALENT)
2153752020012    ,FEDRATINIB HCL CAP 100 MG
2153756020031    ,RUXOLITINIB PHOSPHATE TAB 5 MG (BASE EQUIVALENT)
2153756020032    ,RUXOLITINIB PHOSPHATE TAB 10 MG (BASE EQUIVALENT)
21537560200325    ,RUXOLITINIB PHOSPHATE TAB 15 MG (BASE EQUIVALENT)
2153756020033    ,RUXOLITINIB PHOSPHATE TAB 20 MG (BASE EQUIVALENT)
21537560200335    ,RUXOLITINIB PHOSPHATE TAB 25 MG (BASE EQUIVALENT)
2153801000B72,ALPELISIB TAB THERAPY PACK 200 MG DAILY DOSE
2153801000B725,ALPELISIB TAB PACK 250 MG DAILY DOSE (200 MG & 50 MG TABS)
2153801000B73,ALPELISIB TAB PACK 300 MG DAILY DOSE (2X150 MG TAB)
2153802010212    ,COPANLISIB HCL FOR IV SOLN 60 MG (BASE EQUIVALENT)
2153803000012    ,DUVELISIB CAP 15 MG
2153803000013    ,DUVELISIB CAP 25 MG
2153804000032    ,IDELALISIB TAB 100 MG
2153804000033    ,IDELALISIB TAB 150 MG
21550040102025    ,IRINOTECAN HCL INJ 40 MG/2ML (20 MG/ML)
2155004010203    ,IRINOTECAN HCL INJ 100 MG/5ML (20 MG/ML)
21550040102035    ,IRINOTECAN HCL INJ 300 MG/15ML (20 MG/ML)
2155004010204    ,IRINOTECAN HCL INJ 500 MG/25ML (20 MG/ML)
2155004020222    ,IRINOTECAN HCL LIPOSOME IV INJ 43 MG/10ML (4.3 MG/ML)
2155008010012    ,TOPOTECAN HCL CAP 0.25 MG (BASE EQUIV)
2155008010014    ,TOPOTECAN HCL CAP 1 MG (BASE EQUIV)
2155008010202    ,TOPOTECAN HCL INJ 4 MG/4ML (BASE EQUIV) (FOR INFUSION)
2155008010212    ,TOPOTECAN HCL FOR INJ 4 MG (BASE EQUIV)
2155106540212    ,SACITUZUMAB GOVITECAN-HZIY FOR IV SOLN 180 MG
2156006000B712,SELINEXOR TAB THERAPY PACK 20 MG (40 MG ONCE WEEKLY)
2156006000B715,SELINEXOR TAB THERAPY PACK 20 MG (40 MG TWICE WEEKLY)
2156006000B72,SELINEXOR TAB THERAPY PACK 20 MG (80 MG TWICE WEEKLY)
2156006000B73,SELINEXOR TAB THERAPY PACK 20 MG (100 MG ONCE WEEKLY)
2156006000B74,SELINEXOR TAB THERAPY PACK 20 MG (80 MG ONCE WEEKLY)
2156006000B75,SELINEXOR TAB THERAPY PACK 20 MG (60 MG ONCE WEEKLY)
2156006000B755,SELINEXOR TAB THERAPY PACK 20 MG (60 MG TWICE WEEKLY)
2156006000B76,SELINEXOR TAB THERAPY PACK 40 MG (40 MG ONCE WEEKLY)
2156006000B765,SELINEXOR TAB THERAPY PACK 40 MG (40 MG TWICE WEEKLY)
2156006000B77,SELINEXOR TAB THERAPY PACK 40 MG (80 MG ONCE WEEKLY)
2156006000B775,SELINEXOR TAB THERAPY PACK 50 MG (100 MG ONCE WEEKLY)
2156006000B78,SELINEXOR TAB THERAPY PACK 60 MG (60 MG ONCE WEEKLY)
2157407040182    ,TALIMOGENE LAHERPAREPVEC INTRALESIONAL INJ 1000000 UNIT/ML
2157407040184    ,TALIMOGENE LAHERPAREPVEC INTRALESIONAL INJ 100000000 UNIT/ML
2160003520202    ,IOBENGUANE I 131 IV SOLN 15 MCI/ML (555 MBQ/ML)
2160004520202    ,LUTETIUM LU 177 DOTATATE IV SOLN 370 MBQ/ML (10 MCI/ML)
21600055002025    ,RADIUM RA 223 DICHLORIDE INJ 30 MICROCURIE/ML (1100 KBQ/ML)
2160006500202    ,SAMARIUM SM 153 LEXIDRONAM INJ 1850 MBQ/ML (50 MCI/ML)
2160007000201    ,STRONTIUM-89 CHLORIDE INJ 1 MCI/ML
216510101018    ,AXICABTAGENE CILOLEUCEL SUSPENSION FOR IV INFUSION
2165102010182    ,BREXUCABTAGENE AUTOLEUCEL SUSPENSION FOR IV INFUSION
2165103540182    ,IDECABTAGENE VICLEUCEL SUSPENSION FOR IV INFUSION
2165105040182    ,LISOCABTAGENE MARALEUCEL SUSPENSION FOR IV INFUSION
216510700018    ,SIPULEUCEL-T SUSPENSION FOR IV INFUSION
216510750018    ,TISAGENLECLEUCEL SUSPENSION FOR IV INFUSION
2170000810202    ,ARSENIC TRIOXIDE IV SOLN 10 MG/10ML (1 MG/ML)
2170000810203    ,ARSENIC TRIOXIDE IV SOLN 12 MG/6ML (2 MG/ML)
2170001300193    ,BCG LIVE INTRAVESICAL FOR SUSP 50 MG
21700020002105    ,DACARBAZINE FOR INJ 100 MG
2170002000211    ,DACARBAZINE FOR INJ 200 MG
21700030000105    ,HYDROXYUREA CAP 500 MG
2170004010212    ,OMACETAXINE MEPESUCCINATE FOR INJ 3.5 MG
2170004500212    ,PENTOSTATIN FOR INJ 10 MG
21700050100105    ,PROCARBAZINE HCL CAP 50 MG
21700060202022    ,INTERFERON ALFA-2B INJ 6000000 UNIT/ML
2170006020203    ,INTERFERON ALFA-2B INJ 10000000 UNIT/ML
2170006020213    ,INTERFERON ALFA-2B FOR INJ 10000000 UNIT
21700060202135    ,INTERFERON ALFA-2B FOR INJ 18000000 UNIT
2170006020216    ,INTERFERON ALFA-2B FOR INJ 50000000 UNIT
2170006030202    ,INTERFERON ALFA-N3 INJ 5000000 UNIT/ML
2170006070202    ,INTERFERON GAMMA-1B INJ 100 MCG/0.5ML (2000000 UNIT/0.5ML)
2170007520641    ,PEGINTERFERON ALFA-2B FOR INJ KIT 200 MCG
2170007520642    ,PEGINTERFERON ALFA-2B FOR INJ KIT 300 MCG
2170007520643    ,PEGINTERFERON ALFA-2B FOR INJ KIT 600 MCG
2170302000212    ,ALDESLEUKIN FOR IV SOLN 22000000 UNIT
2170308030202    ,TAGRAXOFUSP-ERZS IV SOLN 1000 MCG/ML
2170705000202    ,METHOXSALEN (PHOTOPHERESIS) SOLN 20 MCG/ML
2170707010214    ,PORFIMER SODIUM FOR INJ 75 MG
2170808000011    ,TRETINOIN CAP 10 MG
2170822000012    ,BEXAROTENE CAP 75 MG
2175404010212    ,DEXRAZOXANE HCL FOR INJ 250 MG (BASE EQUIVALENT)
2175404010214    ,DEXRAZOXANE HCL FOR INJ 500 MG (BASE EQUIVALENT)
2175504010031    ,LEUCOVORIN CALCIUM TAB 5 MG
21755040100325    ,LEUCOVORIN CALCIUM TAB 10 MG
21755040100335    ,LEUCOVORIN CALCIUM TAB 15 MG
21755040100345    ,LEUCOVORIN CALCIUM TAB 25 MG
2175504010204    ,LEUCOVORIN CALCIUM INJ 100 MG/10ML (10 MG/ML)
21755040102056    ,LEUCOVORIN CALCIUM INJ 500 MG/50ML (10 MG/ML)
2175504010212    ,LEUCOVORIN CALCIUM FOR INJ 50 MG
2175504010213    ,LEUCOVORIN CALCIUM FOR INJ 100 MG
2175504010215    ,LEUCOVORIN CALCIUM FOR INJ 200 MG
2175504010216    ,LEUCOVORIN CALCIUM FOR INJ 350 MG
2175504010217    ,LEUCOVORIN CALCIUM FOR INJ 500 MG
2175505000212    ,LEVOLEUCOVORIN FOR IV SOLN 175 MG
2175505000213    ,LEVOLEUCOVORIN FOR IV SOLN 300 MG
21755050102021    ,LEVOLEUCOVORIN CALCIUM IV SOLN PF 175 MG/17.5ML (BASE EQUIV)
2175505010203    ,LEVOLEUCOVORIN CALCIUM IV SOLN PF 250 MG/25ML (BASE EQUIV)
2175505010212    ,LEVOLEUCOVORIN CALCIUM FOR IV INJ 50 MG (BASE EQUIV)
2175505010215    ,LEVOLEUCOVORIN CALCIUM FOR IV INJ 175 MG (BASE EQUIV)
2175603000212    ,GLUCARPIDASE FOR IV INJ 1000 UNIT
2175657020212    ,TRILACICLIB DIHYDROCHLORIDE FOR IV SOLN 300 MG
2175801000212    ,AMIFOSTINE FOR INJ 500 MG
2175805000032    ,MESNA TAB 400 MG
2175805000201    ,MESNA INJ 100 MG/ML
2176406500212    ,RASBURICASE FOR IV SOLN 1.5 MG
2176406500214    ,RASBURICASE FOR IV SOLN 7.5 MG
2176506000212    ,PALIFERMIN FOR IV INJ 6.25 MG
2199000215202    ,DARATUMUMAB-HYALURONIDASE-FIHJ INJ 1800-30000 MG-UNIT/15ML
2199000220193    ,DAUNORUBICIN-CYTARABINE LIPOSOME FOR IV INJ 44-100 MG
2199000225032    ,DECITABINE-CEDAZURIDINE TAB 35-100 MG
2199000260B73,RIBOCICLIB 200 MG DOSE (200 MG TAB) & LETROZOLE 2.5 MG TBPK
2199000260B74,RIBOCICLIB 400 MG DOSE (200 MG TAB) & LETROZOLE 2.5 MG TBPK
2199000260B76,RIBOCICLIB 600 MG DOSE (200 MG TAB) & LETROZOLE 2.5 MG TBPK
2199000264202    ,RITUXIMAB-HYALURONIDASE HUMAN INJ 1400-23400 MG-UNIT/11.7ML
2199000264204    ,RITUXIMAB-HYALURONIDASE HUMAN INJ 1600-26800 MG-UNIT/13.4ML
2199000272202    ,TRASTUZUMAB-HYALURONIDASE-OYSK INJ 600-10000 MG-UNIT/5ML
2199000275032    ,TRIFLURIDINE-TIPIRACIL TAB 15-6.14 MG
2199000275033    ,TRIFLURIDINE-TIPIRACIL TAB 20-8.19 MG
2199000355202    ,PERTUZUMAB-TRASTUZ-HYALURON-ZZXF INJ 60 MG-60 MG-2000 UNT/ML
2199000355203    ,PERTUZUMAB-TRASTUZ-HYALURON-ZZXF INJ 80 MG-40 MG-2000 UNT/ML
